{
  "label_autocorr": -0.10141915076963744,
  "trivial_full_ic": 0.16347864017847036,
  "trivial_oos_ic": 0.1584007625167228,
  "trivial_oos_sharpe": 6.152760960379556,
  "gate_report": {
    "composite_oos_ic_mean": 0.21823161942172428,
    "composite_oos_ic_ir": 0.569669233260768,
    "value_added": {
      "composite_oos_sharpe": 11.079835976794776,
      "best_single_oos_sharpe": 6.152760960379556,
      "sharpe_value_added": 4.92707501641522,
      "passed": true
    },
    "consistency": {
      "is_oos_ic_same_sign": true,
      "consistency_score": 1.0,
      "passed": true
    },
    "uniqueness": {
      "max_abs_corr_vs_single": 0.6749873616351124,
      "passed": true
    },
    "robustness": {
      "robustness_score": 0.7098205235657503,
      "passed": true
    }
  },
  "ab_report": {
    "gat": {
      "oos_ic_mean": 0.21823161942172428,
      "oos_sharpe": 11.079835976794776
    },
    "uniform_mean": {
      "oos_ic_mean": -0.12480308632971689,
      "oos_sharpe": -7.478405234902631
    },
    "island_mean": {
      "oos_ic_mean": -0.14156178970643568,
      "oos_sharpe": -7.87085653548081
    },
    "attention_sharpe_value_add": 18.558241211697407,
    "gat_uniform_spearman": -0.492412651602321
  }
}